ZONE,COUNTY,MODE,TRIPS
3,Hillsborough County,AUTO,39.64
4,Hillsborough County,AUTO,32.12
6,Hillsborough County,AUTO,22.73
8,Hillsborough County,AUTO,122.36
13,Hillsborough County,AUTO,173.77
14,Hillsborough County,AUTO,101.49
16,Hillsborough County,AUTO,48.78
19,Hillsborough County,AUTO,1007.57
22,Hillsborough County,AUTO,79.33
23,Hillsborough County,AUTO,39.64
24,Hillsborough County,AUTO,69.27
27,Hillsborough County,AUTO,9.14
29,Hillsborough County,AUTO,9.14
30,Hillsborough County,AUTO,128.03
31,Hillsborough County,AUTO,49.44
34,Hillsborough County,AUTO,145.11
35,Hillsborough County,AUTO,26.71
36,Hillsborough County,AUTO,125.21
37,Hillsborough County,AUTO,66.76
38,Hillsborough County,AUTO,1764.37
42,Hillsborough County,AUTO,18.39
43,Hillsborough County,AUTO,158.56
44,Hillsborough County,AUTO,115.76
45,Hillsborough County,AUTO,45.46
48,Hillsborough County,AUTO,22.73
50,Hillsborough County,AUTO,18.28
53,Hillsborough County,AUTO,328.75
53,Hillsborough County,WALK,36.57
54,Hillsborough County,AUTO,6.09
56,Hillsborough County,AUTO,18.39
57,Hillsborough County,AUTO,98.52
59,Hillsborough County,AUTO,177.58
61,Hillsborough County,AUTO,313.12
63,Hillsborough County,AUTO,9.14
65,Hillsborough County,AUTO,18.28
66,Hillsborough County,AUTO,144.33
68,Hillsborough County,AUTO,34.64
69,Hillsborough County,AUTO,144.35
71,Hillsborough County,AUTO,280.13
72,Hillsborough County,AUTO,77.83
72,Hillsborough County,BIKE,22.88
73,Hillsborough County,AUTO,6.09
74,Hillsborough County,AUTO,55.91
76,Hillsborough County,AUTO,45.09
76,Hillsborough County,TRANSIT,18.48
76,Hillsborough County,WALK,6.16
77,Hillsborough County,AUTO,1691.63
78,Hillsborough County,AUTO,2024.37
78,Hillsborough County,SHUTTLE VANPOOL,22.97
84,Hillsborough County,AUTO,34.63
85,Hillsborough County,AUTO,2370.82
86,Hillsborough County,AUTO,13131.7
88,Hillsborough County,AUTO,69.82
89,Hillsborough County,AUTO,98.5
93,Hillsborough County,AUTO,787.77
94,Hillsborough County,AUTO,64.58
95,Hillsborough County,AUTO,58.24
96,Hillsborough County,AUTO,328.89
97,Hillsborough County,AUTO,62.4
99,Hillsborough County,AUTO,407.67
102,Hillsborough County,AUTO,203.02
102,Hillsborough County,WALK,203.02
110,Hillsborough County,AUTO,172.8
110,Hillsborough County,BIKE,46.62
111,Hillsborough County,AUTO,103.44
112,Hillsborough County,AUTO,195.55
114,Hillsborough County,AUTO,1302.21
116,Hillsborough County,AUTO,15168.51
117,Hillsborough County,AUTO,252.36
117,Hillsborough County,TRANSIT,98.68
120,Hillsborough County,AUTO,31.55
123,Hillsborough County,AUTO,7088.2
124,Hillsborough County,AUTO,149.75
125,Hillsborough County,AUTO,22.73
127,Hillsborough County,AUTO,18.87
128,Hillsborough County,AUTO,104.61
129,Hillsborough County,AUTO,54.95
130,Hillsborough County,AUTO,773.16
131,Hillsborough County,AUTO,64.25
131,Hillsborough County,WALK,22.73
133,Hillsborough County,AUTO,2605.65
135,Hillsborough County,AUTO,50.88
137,Hillsborough County,AUTO,266.26
138,Hillsborough County,AUTO,5954.22
140,Hillsborough County,AUTO,6505.72
141,Hillsborough County,TRANSIT,98.47
142,Hillsborough County,AUTO,299.47
142,Hillsborough County,WALK,413.52
144,Hillsborough County,AUTO,44.99
146,Hillsborough County,AUTO,169.48
147,Hillsborough County,AUTO,3722.11
153,Hillsborough County,AUTO,64.16
154,Hillsborough County,AUTO,128.2
155,Hillsborough County,AUTO,290.45
155,Hillsborough County,WALK,63.09
156,Hillsborough County,AUTO,84.95
157,Hillsborough County,AUTO,791.44
157,Hillsborough County,SHUTTLE VANPOOL,9.14
161,Hillsborough County,AUTO,109.73
161,Hillsborough County,WALK,3.72
162,Hillsborough County,AUTO,53.6
163,Hillsborough County,AUTO,248.84
164,Hillsborough County,AUTO,1313.81
164,Hillsborough County,BIKE,1038.78
164,Hillsborough County,WALK,2687.86
165,Hillsborough County,AUTO,1945.87
167,Hillsborough County,AUTO,81.19
167,Hillsborough County,WALK,7.45
168,Hillsborough County,AUTO,12543.86
168,Hillsborough County,WALK,3.72
169,Hillsborough County,AUTO,31.55
170,Hillsborough County,AUTO,273.37
171,Hillsborough County,AUTO,168.59
172,Hillsborough County,AUTO,107.77
178,Hillsborough County,AUTO,146.24
179,Hillsborough County,AUTO,226.03
179,Hillsborough County,TRANSIT,88.78
180,Hillsborough County,AUTO,6.09
180,Hillsborough County,WALK,53.33
181,Hillsborough County,AUTO,30.47
182,Hillsborough County,AUTO,36.57
183,Hillsborough County,AUTO,328.78
183,Hillsborough County,WALK,106.99
184,Hillsborough County,AUTO,4398.13
184,Hillsborough County,BIKE,122.28
184,Hillsborough County,WALK,594.51
185,Hillsborough County,AUTO,535.08
187,Hillsborough County,TRANSIT,69.82
188,Hillsborough County,AUTO,63.56
191,Hillsborough County,AUTO,6.12
192,Hillsborough County,AUTO,6.12
193,Hillsborough County,AUTO,6.09
194,Hillsborough County,AUTO,109.73
195,Hillsborough County,AUTO,70.09
196,Hillsborough County,AUTO,60.95
198,Hillsborough County,AUTO,22.73
201,Hillsborough County,AUTO,1104.41
202,Hillsborough County,AUTO,18.28
202,Hillsborough County,TRANSIT,6.16
204,Hillsborough County,AUTO,12.19
204,Hillsborough County,TRANSIT,18.48
204,Hillsborough County,WALK,18.48
205,Hillsborough County,TRANSIT,18.48
209,Hillsborough County,AUTO,109.61
210,Hillsborough County,AUTO,803.74
211,Hillsborough County,AUTO,124.96
214,Hillsborough County,AUTO,6.09
216,Hillsborough County,AUTO,107.58
218,Hillsborough County,AUTO,240.92
221,Hillsborough County,AUTO,27.43
225,Hillsborough County,BIKE,80.24
230,Hillsborough County,AUTO,90.02
232,Hillsborough County,AUTO,975.44
234,Hillsborough County,AUTO,437.36
237,Hillsborough County,AUTO,47.04
238,Hillsborough County,AUTO,45.46
240,Hillsborough County,AUTO,6.09
241,Hillsborough County,AUTO,41.01
242,Hillsborough County,AUTO,196.55
243,Hillsborough County,AUTO,37.82
244,Hillsborough County,WALK,1760.15
245,Hillsborough County,AUTO,293.53
248,Hillsborough County,WALK,36.57
249,Hillsborough County,TRANSIT,18.28
250,Hillsborough County,AUTO,8.06
254,Hillsborough County,AUTO,22.73
258,Hillsborough County,AUTO,15.24
259,Hillsborough County,AUTO,135.35
260,Hillsborough County,AUTO,32.12
261,Hillsborough County,AUTO,463.75
262,Hillsborough County,AUTO,186.54
264,Hillsborough County,AUTO,8.06
266,Hillsborough County,AUTO,179.04
269,Hillsborough County,AUTO,26.71
270,Hillsborough County,AUTO,227.18
271,Hillsborough County,AUTO,45.66
274,Hillsborough County,AUTO,12.19
275,Hillsborough County,AUTO,39.59
276,Hillsborough County,AUTO,26.65
278,Hillsborough County,AUTO,8.06
279,Hillsborough County,AUTO,889.72
280,Hillsborough County,AUTO,519.38
281,Hillsborough County,AUTO,26.99
282,Hillsborough County,AUTO,85.1
286,Hillsborough County,AUTO,18.28
288,Hillsborough County,AUTO,143
288,Hillsborough County,TRANSIT,6.16
288,Hillsborough County,WALK,6.16
289,Hillsborough County,AUTO,1918.19
290,Hillsborough County,AUTO,163.74
290,Hillsborough County,BIKE,18.28
290,Hillsborough County,WALK,73.13
291,Hillsborough County,AUTO,653.32
291,Hillsborough County,SHUTTLE VANPOOL,39.62
291,Hillsborough County,WALK,146.5
292,Hillsborough County,AUTO,539.1
293,Hillsborough County,AUTO,8974.57
293,Hillsborough County,WALK,1.82
294,Hillsborough County,AUTO,214.54
295,Hillsborough County,AUTO,54.68
295,Hillsborough County,WALK,15.48
296,Hillsborough County,TRANSIT,88.78
297,Hillsborough County,AUTO,11.73
299,Hillsborough County,AUTO,1176.68
299,Hillsborough County,TRANSIT,24.64
299,Hillsborough County,WALK,104.18
300,Hillsborough County,AUTO,7593.79
300,Hillsborough County,BIKE,5.22
300,Hillsborough County,WALK,168.87
301,Hillsborough County,AUTO,1038
301,Hillsborough County,WALK,2391.72
302,Hillsborough County,AUTO,7414.48
302,Hillsborough County,SHUTTLE VANPOOL,34.63
302,Hillsborough County,WALK,1711.78
303,Hillsborough County,AUTO,15.24
305,Hillsborough County,AUTO,27.43
306,Hillsborough County,AUTO,210.07
307,Hillsborough County,AUTO,689.88
307,Hillsborough County,SHUTTLE VANPOOL,72.09
308,Hillsborough County,AUTO,1054.67
308,Hillsborough County,BIKE,5.22
308,Hillsborough County,SHUTTLE VANPOOL,22.76
308,Hillsborough County,WALK,126.24
309,Hillsborough County,AUTO,724.35
309,Hillsborough County,TNC,56.16
309,Hillsborough County,WALK,88.78
310,Hillsborough County,AUTO,2096.94
310,Hillsborough County,WALK,88.78
311,Hillsborough County,AUTO,1418.82
311,Hillsborough County,BIKE,18.28
311,Hillsborough County,WALK,479.8
312,Hillsborough County,AUTO,314.39
312,Hillsborough County,WALK,26.77
313,Hillsborough County,AUTO,13486.26
313,Hillsborough County,BIKE,569.3
313,Hillsborough County,BIKE SHARE,43.78
313,Hillsborough County,OTHER,150.09
313,Hillsborough County,SHUTTLE VANPOOL,86.74
313,Hillsborough County,WALK,4991.3
314,Hillsborough County,AUTO,13942.8
314,Hillsborough County,BIKE,431.74
314,Hillsborough County,BIKE SHARE,9.14
314,Hillsborough County,SHUTTLE VANPOOL,257.68
314,Hillsborough County,WALK,1778.87
315,Hillsborough County,AUTO,1360.77
315,Hillsborough County,BIKE,431.74
315,Hillsborough County,SHUTTLE VANPOOL,18.28
315,Hillsborough County,WALK,385.05
316,Hillsborough County,WALK,88.78
317,Hillsborough County,AUTO,1914.66
317,Hillsborough County,WALK,2350.72
318,Hillsborough County,AUTO,1384.43
318,Hillsborough County,BIKE,863.48
318,Hillsborough County,WALK,88.78
319,Hillsborough County,AUTO,5087.83
319,Hillsborough County,WALK,2439.5
320,Hillsborough County,AUTO,91.37
321,Hillsborough County,AUTO,8.06
322,Hillsborough County,AUTO,53.98
323,Hillsborough County,AUTO,178.51
323,Hillsborough County,OTHER,98.47
325,Hillsborough County,AUTO,213.08
326,Hillsborough County,AUTO,1212.66
327,Hillsborough County,AUTO,6.09
328,Hillsborough County,AUTO,1413.98
329,Hillsborough County,AUTO,37.19
329,Hillsborough County,OTHER,6.09
329,Hillsborough County,TRANSIT,34.98
330,Hillsborough County,AUTO,70.62
332,Hillsborough County,AUTO,22.73
332,Hillsborough County,WALK,45.46
333,Hillsborough County,AUTO,30.4
333,Hillsborough County,WALK,26.71
334,Hillsborough County,WALK,22.73
335,Hillsborough County,AUTO,674.21
339,Hillsborough County,AUTO,137.48
343,Hillsborough County,AUTO,22.95
347,Hillsborough County,AUTO,22.73
347,Hillsborough County,BIKE,22.73
348,Hillsborough County,AUTO,22.93
349,Hillsborough County,AUTO,158.48
350,Hillsborough County,AUTO,387.86
351,Hillsborough County,AUTO,81.56
351,Hillsborough County,WALK,634.87
352,Hillsborough County,AUTO,18.28
352,Hillsborough County,WALK,634.87
353,Hillsborough County,AUTO,489.88
354,Hillsborough County,AUTO,276.59
355,Hillsborough County,AUTO,124.09
360,Hillsborough County,AUTO,91.22
361,Hillsborough County,AUTO,158.5
361,Hillsborough County,TNC,39.62
362,Hillsborough County,AUTO,6.09
364,Hillsborough County,AUTO,16.52
364,Hillsborough County,WALK,79.25
366,Hillsborough County,AUTO,2406.27
367,Hillsborough County,AUTO,32.18
369,Hillsborough County,AUTO,6.09
384,Hillsborough County,AUTO,33.84
386,Hillsborough County,AUTO,36.57
387,Hillsborough County,AUTO,6.09
393,Hillsborough County,AUTO,324.62
398,Hillsborough County,AUTO,115.48
402,Hillsborough County,AUTO,463.18
403,Hillsborough County,AUTO,6.09
409,Hillsborough County,AUTO,42.66
418,Hillsborough County,AUTO,444.57
420,Hillsborough County,AUTO,6.09
422,Hillsborough County,AUTO,180.22
424,Hillsborough County,AUTO,158.08
425,Hillsborough County,AUTO,2400.34
427,Hillsborough County,AUTO,248.02
430,Hillsborough County,AUTO,24.85
431,Hillsborough County,AUTO,134.84
432,Hillsborough County,AUTO,98.51
433,Hillsborough County,AUTO,22.73
434,Hillsborough County,AUTO,175.2
435,Hillsborough County,AUTO,1353.84
436,Hillsborough County,AUTO,1040.72
438,Hillsborough County,AUTO,162.24
438,Hillsborough County,LONG DIST PASS,115.93
441,Hillsborough County,AUTO,4135.86
441,Hillsborough County,SHUTTLE VANPOOL,9.14
442,Hillsborough County,AUTO,2275.79
443,Hillsborough County,AUTO,5089.46
443,Hillsborough County,BIKE,74.59
443,Hillsborough County,TRANSIT,18.48
443,Hillsborough County,WALK,1127.68
445,Hillsborough County,AUTO,6.09
446,Hillsborough County,AUTO,140.45
447,Hillsborough County,AUTO,4481.11
448,Hillsborough County,AUTO,261.6
448,Hillsborough County,TRANSIT,12.32
451,Hillsborough County,AUTO,18.28
452,Hillsborough County,AUTO,7
452,Hillsborough County,WALK,6.16
454,Hillsborough County,AUTO,181.18
456,Hillsborough County,AUTO,2193.66
456,Hillsborough County,TRANSIT,174.97
457,Hillsborough County,AUTO,27.85
458,Hillsborough County,AUTO,267.79
458,Hillsborough County,SHUTTLE VANPOOL,64.12
459,Hillsborough County,AUTO,321.9
460,Hillsborough County,AUTO,407.37
461,Hillsborough County,AUTO,647.67
461,Hillsborough County,TNC,9.14
462,Hillsborough County,AUTO,45.46
464,Hillsborough County,AUTO,160.23
466,Hillsborough County,AUTO,214
474,Hillsborough County,AUTO,87.73
476,Hillsborough County,AUTO,201.78
477,Hillsborough County,AUTO,71.83
481,Hillsborough County,AUTO,6.16
483,Hillsborough County,AUTO,18.28
484,Hillsborough County,AUTO,24.38
485,Hillsborough County,AUTO,114.55
485,Hillsborough County,WALK,18.28
487,Hillsborough County,AUTO,2968.16
488,Hillsborough County,AUTO,34.82
493,Hillsborough County,AUTO,102.7
494,Hillsborough County,AUTO,6.09
495,Hillsborough County,AUTO,38.85
496,Hillsborough County,AUTO,3686.05
497,Hillsborough County,AUTO,6.09
498,Hillsborough County,AUTO,6.09
500,Hillsborough County,AUTO,18.28
503,Hillsborough County,AUTO,1011.62
503,Hillsborough County,BIKE,101.31
504,Hillsborough County,AUTO,3027
504,Hillsborough County,WALK,297.85
505,Hillsborough County,AUTO,9.14
506,Hillsborough County,AUTO,9.14
507,Hillsborough County,AUTO,26.7
507,Hillsborough County,WALK,5.18
508,Hillsborough County,AUTO,2.59
509,Hillsborough County,AUTO,62.11
510,Hillsborough County,AUTO,229.91
512,Hillsborough County,AUTO,601.86
513,Hillsborough County,AUTO,601.86
515,Hillsborough County,AUTO,36.57
516,Hillsborough County,AUTO,2530.91
517,Hillsborough County,AUTO,8150.02
517,Hillsborough County,OTHER,119.04
518,Hillsborough County,AUTO,45.71
519,Hillsborough County,AUTO,50.41
519,Hillsborough County,WALK,9.14
521,Hillsborough County,AUTO,110.3
522,Hillsborough County,AUTO,321.28
523,Hillsborough County,AUTO,226.51
524,Hillsborough County,AUTO,173.71
525,Hillsborough County,AUTO,34.63
526,Hillsborough County,AUTO,2153.88
527,Hillsborough County,AUTO,18.28
528,Hillsborough County,AUTO,57.9
529,Hillsborough County,AUTO,117.04
530,Hillsborough County,AUTO,64.12
531,Hillsborough County,AUTO,100.82
532,Hillsborough County,AUTO,31.87
533,Hillsborough County,AUTO,117.25
534,Hillsborough County,AUTO,763.53
534,Hillsborough County,SHUTTLE VANPOOL,64.12
534,Hillsborough County,WALK,128.24
535,Hillsborough County,AUTO,2562.64
540,Hillsborough County,AUTO,80.09
541,Hillsborough County,AUTO,148.37
542,Hillsborough County,AUTO,23.07
542,Hillsborough County,WALK,46.14
543,Hillsborough County,TRANSIT,6.16
545,Hillsborough County,AUTO,26.99
547,Hillsborough County,AUTO,179.09
547,Hillsborough County,TRANSIT,6.16
548,Hillsborough County,AUTO,79.55
548,Hillsborough County,WALK,46.74
551,Hillsborough County,AUTO,98.7
553,Hillsborough County,AUTO,6.09
557,Hillsborough County,AUTO,32.12
558,Hillsborough County,AUTO,3603.78
561,Hillsborough County,AUTO,9.14
562,Hillsborough County,AUTO,519.38
563,Hillsborough County,AUTO,54.13
564,Hillsborough County,AUTO,170.17
567,Hillsborough County,AUTO,38.98
567,Hillsborough County,TRANSIT,106.39
567,Hillsborough County,WALK,277.43
568,Hillsborough County,AUTO,118.78
568,Hillsborough County,WALK,153.13
569,Hillsborough County,AUTO,46.07
571,Hillsborough County,AUTO,2976.51
571,Hillsborough County,TRANSIT,102.6
571,Hillsborough County,WALK,185.83
572,Hillsborough County,AUTO,123.75
572,Hillsborough County,TRANSIT,9.39
572,Hillsborough County,WALK,18.32
574,Hillsborough County,BIKE,22.78
574,Hillsborough County,WALK,72.33
576,Hillsborough County,AUTO,22.73
577,Hillsborough County,AUTO,247.85
577,Hillsborough County,BIKE,102.7
578,Hillsborough County,AUTO,26.71
579,Hillsborough County,AUTO,27.43
580,Hillsborough County,CAR SHARE,115.93
583,Hillsborough County,WALK,3.09
585,Hillsborough County,TRANSIT,46.83
585,Hillsborough County,WALK,47.79
586,Hillsborough County,AUTO,139.5
588,Hillsborough County,AUTO,36.57
589,Hillsborough County,AUTO,79.19
589,Hillsborough County,WALK,6.09
590,Hillsborough County,AUTO,1192.27
590,Hillsborough County,TRANSIT,18.28
590,Hillsborough County,WALK,12.24
591,Hillsborough County,AUTO,49.44
591,Hillsborough County,TRANSIT,18.32
592,Hillsborough County,AUTO,210.73
593,Hillsborough County,AUTO,6.48
594,Hillsborough County,AUTO,305.98
594,Hillsborough County,TRANSIT,68.59
598,Hillsborough County,AUTO,1203.53
598,Hillsborough County,BIKE,157.52
598,Hillsborough County,SHUTTLE VANPOOL,40.59
598,Hillsborough County,WALK,564.88
599,Hillsborough County,AUTO,18.28
600,Hillsborough County,AUTO,3636.48
600,Hillsborough County,BIKE,367.78
600,Hillsborough County,TRANSIT,3.09
600,Hillsborough County,WALK,420.97
601,Hillsborough County,AUTO,69.07
601,Hillsborough County,WALK,6.33
602,Hillsborough County,AUTO,6.09
603,Hillsborough County,AUTO,787.09
603,Hillsborough County,WALK,842.02
604,Hillsborough County,AUTO,18.28
604,Hillsborough County,WALK,552.58
606,Hillsborough County,AUTO,6.09
607,Hillsborough County,AUTO,173.93
609,Hillsborough County,AUTO,979.41
611,Hillsborough County,WALK,115.81
612,Hillsborough County,AUTO,167.95
613,Hillsborough County,AUTO,151.42
613,Hillsborough County,WALK,18.32
615,Hillsborough County,AUTO,139.24
617,Hillsborough County,AUTO,36.57
618,Hillsborough County,AUTO,749.24
618,Hillsborough County,WALK,18.28
619,Hillsborough County,AUTO,137.48
619,Hillsborough County,WALK,18.28
620,Hillsborough County,AUTO,54.81
621,Hillsborough County,AUTO,24.76
621,Hillsborough County,WALK,6.09
622,Hillsborough County,TRANSIT,119.04
623,Hillsborough County,AUTO,3345.94
623,Hillsborough County,TRANSIT,150.05
624,Hillsborough County,AUTO,70.9
624,Hillsborough County,TRANSIT,6.09
624,Hillsborough County,WALK,19
626,Hillsborough County,WALK,6.33
628,Hillsborough County,AUTO,6.33
628,Hillsborough County,WALK,25.33
629,Hillsborough County,AUTO,238.96
631,Hillsborough County,AUTO,82.06
631,Hillsborough County,TRANSIT,18.32
631,Hillsborough County,WALK,54.95
634,Hillsborough County,AUTO,750.71
634,Hillsborough County,WALK,22.73
635,Hillsborough County,AUTO,7334.87
635,Hillsborough County,WALK,22.73
636,Hillsborough County,AUTO,122.18
637,Hillsborough County,AUTO,149.78
638,Hillsborough County,AUTO,69.27
639,Hillsborough County,AUTO,98.66
639,Hillsborough County,CAR SHARE,115.93
641,Hillsborough County,TRANSIT,52.89
644,Hillsborough County,AUTO,204.84
644,Hillsborough County,WALK,22.73
645,Hillsborough County,WALK,6.09
646,Hillsborough County,AUTO,1272.97
646,Hillsborough County,WALK,3.39
647,Hillsborough County,AUTO,149.75
649,Hillsborough County,AUTO,574.43
650,Hillsborough County,AUTO,140.39
650,Hillsborough County,WALK,22.73
651,Hillsborough County,AUTO,180.92
652,Hillsborough County,AUTO,8.06
656,Hillsborough County,AUTO,39.62
658,Hillsborough County,AUTO,166.63
659,Hillsborough County,AUTO,271.93
660,Hillsborough County,AUTO,26.99
663,Hillsborough County,AUTO,972.93
664,Hillsborough County,AUTO,34.63
665,Hillsborough County,AUTO,767.46
666,Hillsborough County,TNC,56.16
668,Hillsborough County,AUTO,1882.08
669,Hillsborough County,AUTO,34.63
675,Hillsborough County,AUTO,2918.8
676,Hillsborough County,AUTO,7955.06
676,Hillsborough County,BIKE,32.12
676,Hillsborough County,WALK,73.53
677,Hillsborough County,AUTO,45.46
678,Hillsborough County,AUTO,1.25
679,Hillsborough County,AUTO,126.65
682,Hillsborough County,AUTO,36.57
684,Hillsborough County,AUTO,424.52
690,Hillsborough County,AUTO,227.19
691,Hillsborough County,AUTO,39.62
692,Hillsborough County,AUTO,50.06
693,Hillsborough County,AUTO,203.36
694,Hillsborough County,AUTO,12.19
695,Hillsborough County,AUTO,87.35
697,Hillsborough County,AUTO,64.81
699,Hillsborough County,AUTO,337.36
703,Hillsborough County,AUTO,31.25
705,Hillsborough County,AUTO,4075.67
707,Hillsborough County,AUTO,61.28
708,Hillsborough County,AUTO,110.55
708,Hillsborough County,WALK,3.09
711,Hillsborough County,AUTO,39.62
712,Hillsborough County,AUTO,2483.58
713,Hillsborough County,AUTO,6.09
714,Hillsborough County,AUTO,57.9
715,Hillsborough County,AUTO,2345.21
716,Hillsborough County,AUTO,30.05
719,Hillsborough County,AUTO,262.61
719,Hillsborough County,WALK,159.87
720,Hillsborough County,AUTO,97.87
722,Hillsborough County,AUTO,273.94
723,Hillsborough County,AUTO,2327.07
723,Hillsborough County,WALK,200.12
724,Hillsborough County,AUTO,32.12
725,Hillsborough County,AUTO,127.98
726,Hillsborough County,AUTO,39.62
728,Hillsborough County,AUTO,30.47
732,Hillsborough County,AUTO,255.82
733,Hillsborough County,AUTO,713.41
734,Hillsborough County,AUTO,113.37
734,Hillsborough County,WALK,473.31
735,Hillsborough County,AUTO,6.09
735,Hillsborough County,WALK,42.66
736,Hillsborough County,AUTO,4029.34
737,Hillsborough County,AUTO,2936.85
737,Hillsborough County,WALK,193.77
738,Hillsborough County,AUTO,58.25
741,Hillsborough County,AUTO,1106.62
741,Hillsborough County,TRANSIT,3.09
744,Hillsborough County,AUTO,7286.18
745,Hillsborough County,AUTO,367.67
749,Hillsborough County,AUTO,6.57
752,Hillsborough County,AUTO,303.97
754,Hillsborough County,AUTO,472.79
760,Hillsborough County,AUTO,157.22
761,Hillsborough County,AUTO,412.58
761,Hillsborough County,WALK,53
763,Hillsborough County,AUTO,44.99
763,Hillsborough County,WALK,36.57
764,Hillsborough County,AUTO,26.71
766,Hillsborough County,AUTO,57.36
767,Hillsborough County,AUTO,0.59
768,Hillsborough County,AUTO,10.82
769,Hillsborough County,AUTO,216.24
770,Hillsborough County,AUTO,3700.85
771,Hillsborough County,AUTO,3564.17
772,Hillsborough County,AUTO,289.07
772,Hillsborough County,TRANSIT,57.49
773,Hillsborough County,AUTO,22.73
774,Hillsborough County,AUTO,22.73
775,Hillsborough County,AUTO,2327.02
780,Hillsborough County,AUTO,18.28
781,Hillsborough County,AUTO,217.62
785,Hillsborough County,AUTO,119.45
786,Hillsborough County,AUTO,279.36
793,Hillsborough County,AUTO,18.28
795,Hillsborough County,AUTO,18.28
796,Hillsborough County,AUTO,0.59
797,Hillsborough County,AUTO,111.11
798,Hillsborough County,AUTO,6.09
799,Hillsborough County,AUTO,386.73
800,Hillsborough County,AUTO,286.92
801,Hillsborough County,AUTO,38.42
802,Hillsborough County,AUTO,172.47
805,Hillsborough County,AUTO,86.23
807,Hillsborough County,AUTO,207.47
808,Hillsborough County,AUTO,213.17
809,Hillsborough County,AUTO,2553.22
810,Hillsborough County,AUTO,1046.85
811,Hillsborough County,AUTO,1260.37
812,Hillsborough County,AUTO,554.14
814,Hillsborough County,AUTO,36.57
815,Hillsborough County,AUTO,99.34
817,Hillsborough County,AUTO,2573.16
817,Hillsborough County,WALK,197.02
818,Hillsborough County,AUTO,3949.09
819,Hillsborough County,AUTO,28.5
820,Hillsborough County,AUTO,36.57
822,Hillsborough County,AUTO,159.96
823,Hillsborough County,AUTO,117.84
824,Hillsborough County,AUTO,13.84
826,Hillsborough County,AUTO,52.23
828,Hillsborough County,AUTO,123.5
830,Hillsborough County,AUTO,40.11
832,Hillsborough County,AUTO,0.59
833,Hillsborough County,AUTO,96.35
835,Hillsborough County,AUTO,132.15
836,Hillsborough County,AUTO,92.1
840,Hillsborough County,AUTO,485.75
845,Hillsborough County,AUTO,84.69
846,Hillsborough County,AUTO,169.71
848,Hillsborough County,AUTO,45.46
848,Hillsborough County,WALK,78.26
855,Hillsborough County,AUTO,1154.39
855,Hillsborough County,WALK,53.42
856,Hillsborough County,AUTO,729.56
858,Hillsborough County,AUTO,440.49
861,Hillsborough County,AUTO,84.85
868,Hillsborough County,AUTO,806.9
871,Hillsborough County,AUTO,3247.52
876,Hillsborough County,AUTO,42.47
1006,Pinellas County,AUTO,48.76
1009,Pinellas County,AUTO,3651.95
1019,Pinellas County,AUTO,1412.07
1025,Pinellas County,AUTO,32.12
1025,Pinellas County,WALK,61.34
1033,Pinellas County,AUTO,248.31
1039,Pinellas County,AUTO,539.79
1039,Pinellas County,WALK,634.28
1041,Pinellas County,AUTO,83.08
1043,Pinellas County,AUTO,83.08
1051,Pinellas County,AUTO,960.1
1052,Pinellas County,AUTO,196.55
1058,Pinellas County,AUTO,47.11
1063,Pinellas County,AUTO,59.23
1064,Pinellas County,AUTO,67.63
1070,Pinellas County,AUTO,1933.28
1075,Pinellas County,AUTO,47.11
1079,Pinellas County,AUTO,67.63
1085,Pinellas County,AUTO,828.11
1088,Pinellas County,AUTO,5851.56
1089,Pinellas County,AUTO,2396.63
1091,Pinellas County,AUTO,150.46
1092,Pinellas County,AUTO,166.37
1093,Pinellas County,AUTO,67.63
1097,Pinellas County,AUTO,155.3
1099,Pinellas County,AUTO,1090.29
1105,Pinellas County,AUTO,1805.79
1107,Pinellas County,AUTO,3571.28
1108,Pinellas County,BIKE,51.15
1109,Pinellas County,AUTO,32.12
1114,Pinellas County,AUTO,139.06
1115,Pinellas County,SCHOOL BUS,204.45
1117,Pinellas County,AUTO,103.24
1121,Pinellas County,AUTO,93.91
1123,Pinellas County,AUTO,2234.51
1125,Pinellas County,AUTO,1902.53
1129,Pinellas County,AUTO,1066.51
1131,Pinellas County,BIKE,25.58
1131,Pinellas County,TRANSIT,38.97
1132,Pinellas County,AUTO,144.79
1132,Pinellas County,WALK,204.88
1133,Pinellas County,AUTO,12.67
1135,Pinellas County,AUTO,6.33
1137,Pinellas County,AUTO,954.96
1141,Pinellas County,AUTO,3712.32
1144,Pinellas County,AUTO,2347.48
1146,Pinellas County,AUTO,202.9
1147,Pinellas County,AUTO,7223.73
1148,Pinellas County,AUTO,2.06
1156,Pinellas County,AUTO,968.8
1158,Pinellas County,AUTO,1589.14
1163,Pinellas County,AUTO,101.98
1168,Pinellas County,TNC,140.69
1174,Pinellas County,AUTO,57.92
1175,Pinellas County,SCHOOL BUS,246.71
1176,Pinellas County,AUTO,455.58
1182,Pinellas County,AUTO,7453.35
1184,Pinellas County,TRANSIT,184.43
1185,Pinellas County,AUTO,954.96
1188,Pinellas County,AUTO,2.06
1189,Pinellas County,AUTO,2.06
1190,Pinellas County,AUTO,864.65
1191,Pinellas County,AUTO,5264.06
1192,Pinellas County,AUTO,6746.16
1192,Pinellas County,WALK,197.23
1193,Pinellas County,AUTO,6.09
1193,Pinellas County,WALK,6.09
1194,Pinellas County,AUTO,613.12
1211,Pinellas County,AUTO,432.33
1211,Pinellas County,TRANSIT,38.97
1212,Pinellas County,AUTO,634.18
1215,Pinellas County,AUTO,142.49
1217,Pinellas County,AUTO,234.35
1217,Pinellas County,TRANSIT,151.68
1224,Pinellas County,AUTO,298.98
1225,Pinellas County,AUTO,634.18
1227,Pinellas County,AUTO,634.18
1228,Pinellas County,AUTO,3506.89
1229,Pinellas County,AUTO,646.37
1272,Pinellas County,AUTO,79.05
1274,Pinellas County,AUTO,155.03
1275,Pinellas County,AUTO,506.22
1288,Pinellas County,AUTO,74.31
1289,Pinellas County,AUTO,531.71
1293,Pinellas County,AUTO,594.83
1297,Pinellas County,AUTO,98.9
1300,Pinellas County,TRANSIT,151.68
1302,Pinellas County,BIKE,1938.28
1303,Pinellas County,TRANSIT,151.68
1303,Pinellas County,WALK,151.68
1304,Pinellas County,TRANSIT,98.37
1307,Pinellas County,AUTO,98.29
1307,Pinellas County,WALK,98.29
1308,Pinellas County,AUTO,506.22
1309,Pinellas County,AUTO,4621.29
1311,Pinellas County,AUTO,7154.1
1314,Pinellas County,BIKE,1938.28
1315,Pinellas County,AUTO,118.46
1315,Pinellas County,TNC,99.54
1316,Pinellas County,AUTO,79.05
1319,Pinellas County,AUTO,5516.79
1326,Pinellas County,AUTO,810.22
1328,Pinellas County,AUTO,594.83
1333,Pinellas County,AUTO,7.93
1335,Pinellas County,AUTO,67.63
1337,Pinellas County,AUTO,201.86
1338,Pinellas County,AUTO,248.02
1342,Pinellas County,AUTO,2329.77
1344,Pinellas County,AUTO,59.27
1347,Pinellas County,AUTO,98.29
1352,Pinellas County,AUTO,634.18
1356,Pinellas County,AUTO,278.87
1357,Pinellas County,AUTO,2.06
1359,Pinellas County,AUTO,118.76
1366,Pinellas County,AUTO,1060.95
1366,Pinellas County,TNC,139.03
1367,Pinellas County,AUTO,156.1
1370,Pinellas County,AUTO,46.3
1370,Pinellas County,WALK,39.97
1372,Pinellas County,AUTO,248.45
1377,Pinellas County,AUTO,38.1
1378,Pinellas County,AUTO,100.93
1384,Pinellas County,TRANSIT,23.62
1387,Pinellas County,WALK,39.62
1389,Pinellas County,AUTO,119.48
1392,Pinellas County,AUTO,3489.71
1394,Pinellas County,AUTO,1101.82
1401,Pinellas County,AUTO,152.32
1402,Pinellas County,AUTO,7.93
1404,Pinellas County,AUTO,13.09
1405,Pinellas County,AUTO,4.36
1412,Pinellas County,AUTO,510.94
1413,Pinellas County,AUTO,4.36
1416,Pinellas County,AUTO,990.27
1420,Pinellas County,AUTO,599.61
1422,Pinellas County,AUTO,100.93
1423,Pinellas County,AUTO,8.73
1427,Pinellas County,AUTO,499.5
1429,Pinellas County,AUTO,12.19
1429,Pinellas County,OTHER,12.19
1431,Pinellas County,AUTO,238.96
1431,Pinellas County,WALK,39.62
1434,Pinellas County,AUTO,814.24
1443,Pinellas County,AUTO,79.05
1445,Pinellas County,AUTO,205.47
1449,Pinellas County,AUTO,40.25
1452,Pinellas County,AUTO,118.46
1454,Pinellas County,AUTO,3569.19
1455,Pinellas County,AUTO,5911.51
1457,Pinellas County,AUTO,4.36
1460,Pinellas County,AUTO,12.19
1463,Pinellas County,AUTO,30.66
1464,Pinellas County,AUTO,15.85
1467,Pinellas County,AUTO,35.31
1469,Pinellas County,AUTO,9.14
1470,Pinellas County,AUTO,885.85
1472,Pinellas County,AUTO,109.53
1473,Pinellas County,AUTO,7314.56
1474,Pinellas County,AUTO,118.46
1477,Pinellas County,AUTO,9.14
1478,Pinellas County,AUTO,9.14
1478,Pinellas County,WALK,98.8
1481,Pinellas County,AUTO,143.14
1483,Pinellas County,AUTO,27.38
1485,Pinellas County,AUTO,758.92
1486,Pinellas County,AUTO,12.29
1489,Pinellas County,AUTO,1472.31
1491,Pinellas County,WALK,98.8
1493,Pinellas County,AUTO,136.91
1499,Pinellas County,AUTO,2381.85
1507,Pinellas County,AUTO,39.62
1516,Pinellas County,AUTO,1979.93
1521,Pinellas County,AUTO,18.28
1522,Pinellas County,AUTO,18.28
1528,Pinellas County,AUTO,39.62
1536,Pinellas County,AUTO,98.27
1538,Pinellas County,AUTO,299.49
1540,Pinellas County,AUTO,101.78
1544,Pinellas County,AUTO,843.51
1545,Pinellas County,AUTO,1015.51
1546,Pinellas County,AUTO,98.5
1546,Pinellas County,WALK,323.2
1547,Pinellas County,AUTO,138.13
1553,Pinellas County,AUTO,62.59
1554,Pinellas County,AUTO,39.53
1555,Pinellas County,AUTO,174.31
1557,Pinellas County,AUTO,1881.06
1558,Pinellas County,AUTO,511.61
1560,Pinellas County,AUTO,3009.19
1561,Pinellas County,AUTO,237.88
1562,Pinellas County,TRANSIT,151.68
1562,Pinellas County,WALK,248.52
1563,Pinellas County,AUTO,150.12
1563,Pinellas County,TRANSIT,99.54
1568,Pinellas County,AUTO,18.28
1570,Pinellas County,AUTO,237.15
1581,Pinellas County,AUTO,27.38
1582,Pinellas County,AUTO,99.18
1583,Pinellas County,AUTO,139.35
1592,Pinellas County,AUTO,150.12
1595,Pinellas County,AUTO,1148.38
1597,Pinellas County,AUTO,39.53
1598,Pinellas County,AUTO,303.72
1599,Pinellas County,AUTO,40.98
1603,Pinellas County,AUTO,150.09
1604,Pinellas County,AUTO,39.53
1609,Pinellas County,AUTO,1.49
1610,Pinellas County,AUTO,39.53
1611,Pinellas County,AUTO,39.62
1615,Pinellas County,AUTO,39.53
1619,Pinellas County,AUTO,39.53
1622,Pinellas County,AUTO,536.96
1628,Pinellas County,AUTO,4.36
1632,Pinellas County,AUTO,67.63
1635,Pinellas County,AUTO,39.53
1636,Pinellas County,AUTO,39.53
1640,Pinellas County,BIKE,567.08
1642,Pinellas County,AUTO,26.45
1645,Pinellas County,AUTO,4224.22
1645,Pinellas County,TRANSIT,1128.06
1645,Pinellas County,WALK,1177.34
1646,Pinellas County,AUTO,102.44
1647,Pinellas County,AUTO,115.74
1648,Pinellas County,OTHER,39.53
1652,Pinellas County,TRANSIT,1128.06
1657,Pinellas County,AUTO,57.92
1658,Pinellas County,AUTO,630.96
1665,Pinellas County,WALK,99.86
1666,Pinellas County,AUTO,118.58
1667,Pinellas County,AUTO,73.99
1668,Pinellas County,AUTO,731.68
1668,Pinellas County,BIKE,13.09
1668,Pinellas County,WALK,99.86
1669,Pinellas County,AUTO,139.13
1670,Pinellas County,AUTO,1120.94
1673,Pinellas County,AUTO,4.36
1673,Pinellas County,BIKE,13.09
1674,Pinellas County,AUTO,39.53
1674,Pinellas County,BIKE,4.36
1677,Pinellas County,AUTO,3648.99
1677,Pinellas County,TRANSIT,140.69
1678,Pinellas County,WALK,99.52
1681,Pinellas County,BIKE,626.97
1685,Pinellas County,AUTO,115.74
1687,Pinellas County,AUTO,135.27
1693,Pinellas County,AUTO,1195.35
1697,Pinellas County,AUTO,22.73
1697,Pinellas County,TRANSIT,33.39
1698,Pinellas County,AUTO,433.93
1699,Pinellas County,AUTO,219.47
1699,Pinellas County,BIKE,533.57
1700,Pinellas County,AUTO,612.81
1700,Pinellas County,BIKE,533.57
1700,Pinellas County,WALK,79.23
1701,Pinellas County,AUTO,300.19
1702,Pinellas County,WALK,79.23
1706,Pinellas County,AUTO,1606.16
1706,Pinellas County,WALK,793.11
1707,Pinellas County,WALK,793.11
1709,Pinellas County,BIKE,8.73
1709,Pinellas County,WALK,99.52
1715,Pinellas County,AUTO,98.5
1716,Pinellas County,AUTO,313.39
1718,Pinellas County,AUTO,1152.3
1722,Pinellas County,AUTO,3680.83
1727,Pinellas County,AUTO,2256.12
1734,Pinellas County,AUTO,2067.49
1734,Pinellas County,BIKE,521.93
1734,Pinellas County,WALK,1559.36
1736,Pinellas County,AUTO,61.52
1740,Pinellas County,AUTO,98.59
1741,Pinellas County,WALK,117.34
1742,Pinellas County,WALK,117.34
1754,Pinellas County,AUTO,219.47
1763,Pinellas County,AUTO,438.93
1764,Pinellas County,WALK,369.29
1765,Pinellas County,AUTO,1747.75
1771,Pinellas County,AUTO,46.64
1774,Pinellas County,BIKE,369.29
1774,Pinellas County,WALK,369.29
2002,Pasco County,AUTO,115.6
2005,Pasco County,AUTO,24.38
2005,Pasco County,WALK,12.19
2006,Pasco County,AUTO,6.09
2008,Pasco County,AUTO,56.29
2009,Pasco County,AUTO,47.9
2012,Pasco County,AUTO,6.09
2014,Pasco County,AUTO,12.19
2016,Pasco County,AUTO,32.12
2017,Pasco County,AUTO,6.09
2021,Pasco County,AUTO,138.93
2025,Pasco County,AUTO,6.09
2028,Pasco County,AUTO,115.48
2029,Pasco County,AUTO,115.48
2030,Pasco County,AUTO,421.39
2031,Pasco County,AUTO,100.24
2032,Pasco County,AUTO,199.19
2033,Pasco County,AUTO,51.8
2035,Pasco County,AUTO,878
2037,Pasco County,AUTO,40.99
2040,Pasco County,AUTO,847.09
2041,Pasco County,AUTO,237.28
2042,Pasco County,AUTO,146.02
2045,Pasco County,AUTO,6.09
2046,Pasco County,AUTO,3388.34
2048,Pasco County,AUTO,6.09
2049,Pasco County,AUTO,853.18
2050,Pasco County,AUTO,110.42
2051,Pasco County,AUTO,11.28
2053,Pasco County,AUTO,847.09
2059,Pasco County,AUTO,4.17
2060,Pasco County,AUTO,6.09
2068,Pasco County,AUTO,398.39
2070,Pasco County,AUTO,12.19
2076,Pasco County,AUTO,122.98
2083,Pasco County,AUTO,844.52
2084,Pasco County,AUTO,398.39
2086,Pasco County,AUTO,531.71
2087,Pasco County,AUTO,227.05
2089,Pasco County,AUTO,1511.42
2095,Pasco County,AUTO,203.84
2098,Pasco County,AUTO,98.27
2101,Pasco County,AUTO,214.72
2103,Pasco County,AUTO,155.3
2105,Pasco County,AUTO,101.92
2106,Pasco County,AUTO,6.09
2108,Pasco County,WALK,120.59
2112,Pasco County,AUTO,104.68
2121,Pasco County,AUTO,3462.41
2123,Pasco County,AUTO,9.14
2131,Pasco County,AUTO,219.02
2133,Pasco County,AUTO,18.28
2136,Pasco County,AUTO,88.92
2140,Pasco County,AUTO,6.09
2145,Pasco County,AUTO,3435.7
2148,Pasco County,AUTO,976.84
2149,Pasco County,AUTO,275.31
2149,Pasco County,WALK,26.71
2150,Pasco County,AUTO,155.11
2152,Pasco County,AUTO,57.36
2158,Pasco County,AUTO,26.74
2166,Pasco County,AUTO,116.56
2181,Pasco County,AUTO,6.09
2185,Pasco County,AUTO,26.71
2187,Pasco County,AUTO,6.09
2188,Pasco County,AUTO,2690.42
2190,Pasco County,AUTO,3673.32
2190,Pasco County,OTHER,585.46
2190,Pasco County,WALK,22.56
2191,Pasco County,AUTO,200.48
2206,Pasco County,AUTO,299.69
2211,Pasco County,AUTO,2752.68
2212,Pasco County,AUTO,104.95
2213,Pasco County,AUTO,155.3
2216,Pasco County,AUTO,3060.04
2219,Pasco County,AUTO,809.4
2229,Pasco County,AUTO,419.79
2230,Pasco County,AUTO,281.96
2232,Pasco County,AUTO,4.17
2235,Pasco County,AUTO,88.92
2240,Pasco County,AUTO,235.32
2241,Pasco County,AUTO,199.95
2242,Pasco County,AUTO,429.44
2244,Pasco County,AUTO,36.57
2246,Pasco County,AUTO,102.7
2248,Pasco County,AUTO,217.94
2249,Pasco County,AUTO,147.6
2256,Pasco County,AUTO,217.94
2270,Pasco County,AUTO,22.73
2271,Pasco County,AUTO,627.35
2272,Pasco County,AUTO,410.01
2273,Pasco County,AUTO,1244.78
2278,Pasco County,AUTO,24.38
2280,Pasco County,AUTO,2911.38
2281,Pasco County,AUTO,627.35
2287,Pasco County,AUTO,159.13
2288,Pasco County,AUTO,104.43
2288,Pasco County,WALK,104.43
2289,Pasco County,WALK,104.43
2297,Pasco County,AUTO,4841.68
2301,Pasco County,AUTO,50.42
2302,Pasco County,AUTO,42.91
2303,Pasco County,AUTO,84.86
2304,Pasco County,AUTO,57.98
2305,Pasco County,AUTO,498.37
2305,Pasco County,WALK,196.55
2306,Pasco County,AUTO,1230.02
2309,Pasco County,AUTO,6.09
2309,Pasco County,WALK,104.37
2313,Pasco County,AUTO,1025.44
2317,Pasco County,AUTO,98.59
2318,Pasco County,AUTO,161.91
2322,Pasco County,AUTO,6.09
2323,Pasco County,AUTO,27.82
2324,Pasco County,AUTO,3872.23
2324,Pasco County,WALK,104.37
2325,Pasco County,AUTO,6.09
2326,Pasco County,AUTO,1.49
2327,Pasco County,AUTO,6.09
2331,Pasco County,AUTO,4659.19
2339,Pasco County,AUTO,22.85
2340,Pasco County,AUTO,6.09
2341,Pasco County,AUTO,54.85
2342,Pasco County,AUTO,432.76
2343,Pasco County,AUTO,726.43
2344,Pasco County,WALK,6.09
2347,Pasco County,AUTO,32.12
2349,Pasco County,AUTO,2.98
2350,Pasco County,AUTO,98.27
2365,Pasco County,AUTO,557.16
2372,Pasco County,AUTO,1909.38
2373,Pasco County,AUTO,1111.67
2378,Pasco County,AUTO,533.89
2381,Pasco County,AUTO,258.06
2381,Pasco County,WALK,201.55
2390,Pasco County,AUTO,1661.46
2400,Pasco County,AUTO,1115.19
2422,Pasco County,AUTO,2339.89
2429,Pasco County,AUTO,663.31
2433,Pasco County,AUTO,150
2436,Pasco County,AUTO,514.92
2442,Pasco County,AUTO,498.24
2448,Pasco County,AUTO,137.48
2449,Pasco County,AUTO,137.48
2450,Pasco County,AUTO,687.39
2457,Pasco County,AUTO,22.75
2471,Pasco County,AUTO,473.86
2502,Hernando County,AUTO,252.29
2502,Hernando County,WALK,504.59
2504,Hernando County,AUTO,9.14
2507,Hernando County,AUTO,18.28
2509,Hernando County,AUTO,566.13
2512,Hernando County,AUTO,121.6
2513,Hernando County,AUTO,1461.94
2517,Hernando County,AUTO,1717.85
2535,Hernando County,AUTO,791.54
2552,Hernando County,AUTO,3604.95
2566,Hernando County,AUTO,171.29
2570,Hernando County,AUTO,3920.46
2571,Hernando County,AUTO,2134.92
2588,Hernando County,AUTO,18.61
2600,Hernando County,AUTO,115.51
2603,Hernando County,AUTO,39.64
2605,Hernando County,AUTO,9.14
2606,Hernando County,AUTO,142.93
2611,Hernando County,AUTO,1717.85
2617,Hernando County,AUTO,9.14
2619,Hernando County,AUTO,251.86
2620,Hernando County,AUTO,2923.88
2622,Hernando County,AUTO,40.25
2623,Hernando County,AUTO,25.78
2631,Hernando County,AUTO,166.24
2633,Hernando County,AUTO,36.57
2634,Hernando County,AUTO,1782.5
2635,Hernando County,AUTO,45.71
2637,Hernando County,AUTO,104.37
2638,Hernando County,AUTO,98.3
2642,Hernando County,AUTO,18.28
2643,Hernando County,AUTO,6.09
2644,Hernando County,AUTO,42.66
2651,Hernando County,AUTO,36.57
2653,Hernando County,AUTO,79.11
2656,Hernando County,AUTO,12.19
2657,Hernando County,AUTO,1873.01
2658,Hernando County,AUTO,12.19
2664,Hernando County,AUTO,6.09
2665,Hernando County,AUTO,158.22
2667,Hernando County,AUTO,393.19
2669,Hernando County,AUTO,79.11
2670,Hernando County,AUTO,436.3
2676,Hernando County,AUTO,2886.88
2677,Hernando County,AUTO,6.09
2680,Hernando County,AUTO,532.38
2683,Hernando County,AUTO,158.56
2684,Hernando County,AUTO,752.44
2685,Hernando County,AUTO,560.05
2689,Hernando County,AUTO,39.64
2694,Hernando County,AUTO,39.64
2699,Hernando County,AUTO,79.28
2703,Hernando County,AUTO,18.28
2714,Hernando County,AUTO,149.78
2719,Hernando County,AUTO,18.28
2828,Citrus County,AUTO,100.81
2840,Citrus County,AUTO,198.72
2872,Citrus County,AUTO,3236.18
2873,Citrus County,AUTO,5.18
2879,Citrus County,AUTO,140.43
2885,Citrus County,AUTO,151.4
2897,Citrus County,AUTO,3233.59
2918,Citrus County,AUTO,4575.75
2920,Citrus County,AUTO,2.59
,External,AUTO,23540.31
,External,LONG DIST PASS,299.34
,External,WALK,118.04
